{"_type":"export","__export_format":4,"__export_date":"2025-01-25T07:37:42.278Z","__export_source":"insomnia.desktop.app:v10.3.0","resources":[{"_id":"req_2836c98dde7947938ea32f10f19e619d","parentId":"fld_bcd88109b93d4d73a840fce788d16477","modified":1737728733149,"created":1737713866025,"url":"http://localhost:3000/user/","name":"create user","description":"","method":"POST","body":{"mimeType":"application/json","text":"{\"login\":\"adam\",\n\"password\":\"jaqsiliq\",\n\"username\":\"akdfhsa\",\n\"lang\":\"uzbek\"}"},"parameters":[],"headers":[{"name":"Content-Type","value":"application/json","id":"pair_7bf62a3b3bd5458ebd907c5d5785ee1c"},{"name":"User-Agent","value":"insomnia/10.3.0","id":"pair_c2b8b61489b94f52b9b4a80625956a23"},{"id":"pair_d3a40794a5304594bc23e2d22bb8b834","name":"authorization","value":"Bearer eyJhbGciOiJIUzI1NiIsInR5cCI6IkpXVCJ9.eyJsb2dpbiI6ImFkbWluIiwiaWQiOiI2NzkzNzNiNWU2YzkwMWYzNmU5OTlkYmMiLCJpYXQiOjE3Mzc3Mjg2MTYsImV4cCI6MTczNzc2NDYxNn0.cd4nYRSveDNv6AlxHr2Yaqzu6Sro-jDZF8QcrJBRFMs","description":"","disabled":false}],"authentication":{},"metaSortKey":-1737713866025,"isPrivate":false,"pathParameters":[],"settingStoreCookies":true,"settingSendCookies":true,"settingDisableRenderRequestBody":false,"settingEncodeUrl":true,"settingRebuildPath":true,"settingFollowRedirects":"global","_type":"request"},{"_id":"fld_bcd88109b93d4d73a840fce788d16477","parentId":"wrk_de65df657f2545eab37f41e0d3e1ab0f","modified":1736957652431,"created":1736957652431,"name":"nest-Mongoo","description":"","environment":{},"environmentPropertyOrder":null,"metaSortKey":-1736957652431,"environmentType":"kv","_type":"request_group"},{"_id":"wrk_de65df657f2545eab37f41e0d3e1ab0f","parentId":null,"modified":1726979551699,"created":1726979551699,"name":"My Collection","description":"","scope":"collection","_type":"workspace"},{"_id":"req_857f2229a2e544b6b6955460f9e562cb","parentId":"fld_bcd88109b93d4d73a840fce788d16477","modified":1737716709934,"created":1737716685069,"url":"http://localhost:3000/auth","name":"auth login","description":"","method":"POST","body":{"mimeType":"application/json","text":"{\"login\":\"admin\",\n\"password\":\"jaqsiliq\"}"},"parameters":[],"headers":[{"name":"Content-Type","value":"application/json"},{"name":"User-Agent","value":"insomnia/10.3.0"}],"authentication":{},"metaSortKey":-1737473838116,"isPrivate":false,"pathParameters":[],"settingStoreCookies":true,"settingSendCookies":true,"settingDisableRenderRequestBody":false,"settingEncodeUrl":true,"settingRebuildPath":true,"settingFollowRedirects":"global","_type":"request"},{"_id":"req_c21e38fcf24f4c76b4e1ac31400cd75a","parentId":"fld_41bc249cc3384a79a19296b981423850","modified":1737702265679,"created":1737057159344,"url":"http://localhost:3000/product","name":"Product-Create","description":"","method":"POST","body":{"mimeType":"application/json","text":"{\n\t\"name\": \"sut-1.5 litr\",\n\t\"price\": 2000,\n\t\"count\": 100,\n\t\"categoryId\":\"6787df48d1a26a28a3791769\"\n}"},"parameters":[],"headers":[{"name":"Content-Type","value":"application/json"},{"name":"User-Agent","value":"insomnia/10.3.0"}],"authentication":{},"metaSortKey":-1737233810207,"isPrivate":false,"pathParameters":[],"settingStoreCookies":true,"settingSendCookies":true,"settingDisableRenderRequestBody":false,"settingEncodeUrl":true,"settingRebuildPath":true,"settingFollowRedirects":"global","_type":"request"},{"_id":"fld_41bc249cc3384a79a19296b981423850","parentId":"fld_bcd88109b93d4d73a840fce788d16477","modified":1737233794832,"created":1737233783222,"name":"product","description":"","environment":{},"environmentPropertyOrder":null,"metaSortKey":-1737233783222,"environmentType":"kv","_type":"request_group"},{"_id":"req_3f55a4bc74034388a17b807f6299cff1","parentId":"fld_41bc249cc3384a79a19296b981423850","modified":1737235040450,"created":1737234857929,"url":"http://localhost:3000/product/678969c9b424f968d184bdc5","name":"Product-Delete","description":"","method":"DELETE","body":{"mimeType":"application/json","text":""},"parameters":[],"headers":[{"name":"Content-Type","value":"application/json"},{"name":"User-Agent","value":"insomnia/10.3.0"}],"authentication":{},"metaSortKey":-1737233810182,"isPrivate":false,"pathParameters":[],"settingStoreCookies":true,"settingSendCookies":true,"settingDisableRenderRequestBody":false,"settingEncodeUrl":true,"settingRebuildPath":true,"settingFollowRedirects":"global","_type":"request"},{"_id":"req_c2b347ff44ea4736becf4002f5f6454c","parentId":"fld_41bc249cc3384a79a19296b981423850","modified":1737234824353,"created":1737233946340,"url":"http://localhost:3000/product/6789643df5bf56fb0708999a","name":"Product-Update","description":"","method":"PATCH","body":{"mimeType":"application/json","text":"{\n\t\"name\": \"allayae emas\",\n\t\"price\": 2000,\n\t\"count\": 100\n}"},"parameters":[],"headers":[{"name":"Content-Type","value":"application/json"},{"name":"User-Agent","value":"insomnia/10.3.0"}],"authentication":{},"metaSortKey":-1737233810157,"isPrivate":false,"pathParameters":[],"settingStoreCookies":true,"settingSendCookies":true,"settingDisableRenderRequestBody":false,"settingEncodeUrl":true,"settingRebuildPath":true,"settingFollowRedirects":"global","_type":"request"},{"_id":"req_4efcf4c9dd68408e87c1b92f4854207f","parentId":"fld_41bc249cc3384a79a19296b981423850","modified":1737234650424,"created":1737058660573,"url":"http://localhost:3000/product/find-one","name":"Product-Find-One","description":"","method":"POST","body":{"mimeType":"application/json","text":"{\n\t\"name\": \"alllayar\"\n}"},"parameters":[],"headers":[{"name":"Content-Type","value":"application/json"},{"name":"User-Agent","value":"insomnia/10.3.0"}],"authentication":{},"metaSortKey":-1737233810107,"isPrivate":false,"pathParameters":[],"settingStoreCookies":true,"settingSendCookies":true,"settingDisableRenderRequestBody":false,"settingEncodeUrl":true,"settingRebuildPath":true,"settingFollowRedirects":"global","_type":"request"},{"_id":"req_6b6db540739845c69c23216d9e5b3551","parentId":"fld_41bc249cc3384a79a19296b981423850","modified":1737234755607,"created":1737234724019,"url":"http://localhost:3000/product/find-all","name":"Product-Find-All","description":"","method":"GET","body":{"mimeType":"application/json","text":""},"parameters":[],"headers":[{"name":"Content-Type","value":"application/json"},{"name":"User-Agent","value":"insomnia/10.3.0"}],"authentication":{},"metaSortKey":-1737233772873.5,"isPrivate":false,"pathParameters":[],"settingStoreCookies":true,"settingSendCookies":true,"settingDisableRenderRequestBody":false,"settingEncodeUrl":true,"settingRebuildPath":true,"settingFollowRedirects":"global","_type":"request"},{"_id":"req_36f1f5e4be4d48e3941d89abf90591ff","parentId":"fld_5f2b2e21663f47d099c05080cdab2fc3","modified":1737700660804,"created":1737235296407,"url":"http://localhost:3000/category/6787df48d1a26a28a3791769","name":"Product-Update","description":"","method":"PATCH","body":{"mimeType":"application/json","text":"{\n\t\"name\": \"sut-mahsulatlari\"\n}"},"parameters":[],"headers":[{"name":"Content-Type","value":"application/json"},{"name":"User-Agent","value":"insomnia/10.3.0"}],"authentication":{},"metaSortKey":-1737233735740,"isPrivate":false,"pathParameters":[],"settingStoreCookies":true,"settingSendCookies":true,"settingDisableRenderRequestBody":false,"settingEncodeUrl":true,"settingRebuildPath":true,"settingFollowRedirects":"global","_type":"request"},{"_id":"fld_5f2b2e21663f47d099c05080cdab2fc3","parentId":"fld_bcd88109b93d4d73a840fce788d16477","modified":1737233729153,"created":1737233729153,"name":"category","description":"","environment":{},"environmentPropertyOrder":null,"metaSortKey":-1737233729153,"environmentType":"kv","_type":"request_group"},{"_id":"req_0960f86aabf540b0aa2223f7ad706d3e","parentId":"fld_5f2b2e21663f47d099c05080cdab2fc3","modified":1737700608156,"created":1737235800498,"url":"http://localhost:3000/category/679334aaf2dff81c7fe3997f","name":"Product-Delete","description":"","method":"DELETE","body":{"mimeType":"application/json","text":""},"parameters":[],"headers":[{"name":"Content-Type","value":"application/json"},{"name":"User-Agent","value":"insomnia/10.3.0"}],"authentication":{},"metaSortKey":-1737233735690,"isPrivate":false,"pathParameters":[],"settingStoreCookies":true,"settingSendCookies":true,"settingDisableRenderRequestBody":false,"settingEncodeUrl":true,"settingRebuildPath":true,"settingFollowRedirects":"global","_type":"request"},{"_id":"req_9da5155c692343f19c8458b33462b1e1","parentId":"fld_5f2b2e21663f47d099c05080cdab2fc3","modified":1737700598307,"created":1737058989518,"url":"http://localhost:3000/category/679334aaf2dff81c7fe3997f","name":"Category-Find-One","description":"","method":"GET","body":{"mimeType":"application/json","text":""},"parameters":[],"headers":[{"name":"Content-Type","value":"application/json"},{"name":"User-Agent","value":"insomnia/10.3.0"}],"authentication":{},"metaSortKey":-1737233735640,"isPrivate":false,"pathParameters":[],"settingStoreCookies":true,"settingSendCookies":true,"settingDisableRenderRequestBody":false,"settingEncodeUrl":true,"settingRebuildPath":true,"settingFollowRedirects":"global","_type":"request"},{"_id":"req_8ba2358434df4fa3a603733811cbf31e","parentId":"fld_5f2b2e21663f47d099c05080cdab2fc3","modified":1737700520338,"created":1736957656310,"url":"http://localhost:3000/category","name":"Category-Create","description":"","method":"POST","body":{"mimeType":"application/json","text":"{\n\t\"name\": \"non-mahsulatlari\"\n}"},"parameters":[],"headers":[{"name":"Content-Type","value":"application/json"},{"name":"User-Agent","value":"insomnia/10.3.0"}],"authentication":{},"metaSortKey":-1737233735590,"isPrivate":false,"pathParameters":[],"settingStoreCookies":true,"settingSendCookies":true,"settingDisableRenderRequestBody":false,"settingEncodeUrl":true,"settingRebuildPath":true,"settingFollowRedirects":"global","_type":"request"},{"_id":"req_d777c6f1794a4eb286cda13b50b2d0ce","parentId":"fld_5f2b2e21663f47d099c05080cdab2fc3","modified":1737235364504,"created":1737088183472,"url":"http://localhost:3000/category/","name":"Category-Find-All","description":"","method":"GET","body":{"mimeType":"application/json","text":""},"parameters":[],"headers":[{"name":"Content-Type","value":"application/json"},{"name":"User-Agent","value":"insomnia/10.3.0"}],"authentication":{},"metaSortKey":-1737233735540,"isPrivate":false,"pathParameters":[],"settingStoreCookies":true,"settingSendCookies":true,"settingDisableRenderRequestBody":false,"settingEncodeUrl":true,"settingRebuildPath":true,"settingFollowRedirects":"global","_type":"request"},{"_id":"env_360061a6a88d52e872aca3b427e6f79d42e6d374","parentId":"wrk_de65df657f2545eab37f41e0d3e1ab0f","modified":1726979551703,"created":1726979551703,"name":"Base Environment","data":{},"dataPropertyOrder":null,"color":null,"isPrivate":false,"metaSortKey":1726979551703,"_type":"environment"},{"_id":"jar_360061a6a88d52e872aca3b427e6f79d42e6d374","parentId":"wrk_de65df657f2545eab37f41e0d3e1ab0f","modified":1726979551708,"created":1726979551708,"name":"Default Jar","cookies":[],"_type":"cookie_jar"}]}